{
    "KEY_DOWN": 1.0,
    "KEY_MODIFIERS": "",
    "cond_dir": 1.0,
    "cond_enabled": 1.0,
    "cond_key_lbl": 0.0,
    "cond_manual": 0.0,
    "cond_speed": 3.0,
    "cond_start_key": 1.0,
    "cond_status": 0.0,
    "dly_div": 3.0,
    "dly_fb": 0.550000011920929,
    "dly_mix": 0.5199999809265137,
    "dly_mod": 0.003000000026077032,
    "dly_rvb_send": 0.20000000298023224,
    "drone_gate": 1.0,
    "drone_midi": 23.999999999992312,
    "fm_dly_send": 0.25,
    "fm_play": 1.0,
    "fm_rvb_send": 0.7400000095367432,
    "fm_vol": 0.17999999225139618,
    "form": 0.0,
    "gentable41": 0.0,
    "groupbox11": 0.0,
    "groupbox16": 0.0,
    "groupbox28": 0.0,
    "groupbox48": 0.0,
    "groupbox56": 0.0,
    "groupbox64": 0.0,
    "groupbox76": 0.0,
    "groupbox85": 0.0,
    "groupbox92": 0.0,
    "groupbox99": 0.0,
    "keyboard120": 60.0,
    "label101": 0.0,
    "label109": 0.0,
    "label114": 0.0,
    "label121": 0.0,
    "label18": 0.0,
    "label20": 0.0,
    "label22": 0.0,
    "label24": 0.0,
    "label30": 0.0,
    "label32": 0.0,
    "label34": 0.0,
    "label36": 0.0,
    "label38": 0.0,
    "label4": 0.0,
    "label53": 0.0,
    "label61": 0.0,
    "label69": 0.0,
    "label81": 0.0,
    "label82": 0.0,
    "label89": 0.0,
    "label96": 0.0,
    "master_lpf": 12000.0,
    "master_vol": 0.699999988079071,
    "pad_dly_send": 0.25,
    "pad_play": 1.0,
    "pad_rvb_send": 0.7899999618530273,
    "pad_vol": 0.31999993324279785,
    "plk_dly_send": 0.8199999928474426,
    "plk_play": 1.0,
    "plk_rvb_send": 0.3499999940395355,
    "plk_vol": 0.5899999737739563,
    "preset_load": 0.0,
    "preset_save": 1.0,
    "rvb_cut": 1834.999755859375,
    "rvb_fb": 0.9399999976158142,
    "rvb_wet": 1.0,
    "seq_bpm": 80.0,
    "seq_patmode": 3.0,
    "seq_patrep": 8.0,
    "seq_play": 1.0,
    "seq_root": 4.0,
    "seq_scale": 1.0,
    "seq_status": 0.0,
    "warmth": 0.30000001192092896
}
