{
    "MOUSEWHEEL_DELTA_X": 0.0,
    "MOUSEWHEEL_DELTA_Y": 0.0,
    "amp_a": 0.800000011920929,
    "amp_d": 1.5,
    "amp_r": 3.0,
    "amp_s": 0.699999988079071,
    "dly_fb": 0.550000011920929,
    "dly_mod": 0.003000000026077032,
    "dly_rvb_send": 0.20000000298023224,
    "dly_send": 0.25,
    "dly_time": 0.4000000059604645,
    "dly_wet": 0.30000001192092896,
    "filt_a": 0.009999999776482582,
    "filt_cutoff": 1284.9998779296875,
    "filt_d": 2.0,
    "filt_env_amt": 0.5,
    "filt_keytrk": 0.5099999904632568,
    "filt_r": 4.0,
    "filt_reso": 0.550000011920929,
    "filt_s": 0.20000000298023224,
    "form": 0.0,
    "groupbox111": 0.0,
    "groupbox12": 0.0,
    "groupbox120": 0.0,
    "groupbox128": 0.0,
    "groupbox136": 0.0,
    "groupbox19": 0.0,
    "groupbox28": 0.0,
    "groupbox41": 0.0,
    "groupbox49": 0.0,
    "groupbox57": 0.0,
    "groupbox68": 0.0,
    "hold": 1.0,
    "keyboard147": 60.0,
    "label103": 0.0,
    "label116": 0.0,
    "label124": 0.0,
    "label132": 0.0,
    "label140": 0.0,
    "label15": 0.0,
    "label24": 0.0,
    "label33": 0.0,
    "label4": 0.0,
    "label5": 0.0,
    "label71": 0.0,
    "label79": 0.0,
    "label87": 0.0,
    "label95": 0.0,
    "lfo1_amp": 1.0,
    "lfo1_freq": 0.020000003278255463,
    "lfo1_out": -0.2359316979334617,
    "lfo1_target": 2.0,
    "lfo1_wave": 1.0,
    "lfo2_amp": 0.4699999988079071,
    "lfo2_freq": 0.020000003278255463,
    "lfo2_out": -0.19412820306447431,
    "lfo2_target": 3.0,
    "lfo2_wave": 2.0,
    "lfo3_amp": 0.25999999046325684,
    "lfo3_freq": 0.05000000074505806,
    "lfo3_out": 0.08079061454080354,
    "lfo3_target": 1.0,
    "lfo3_wave": 4.0,
    "lfo4_amp": 0.0,
    "lfo4_freq": 0.15000000596046448,
    "lfo4_out": 0.0,
    "lfo4_target": 1.0,
    "lfo4_wave": 6.0,
    "master_lpf": 12000.0,
    "master_vol": 0.12999998033046722,
    "noise_level": 0.17000000178813934,
    "osc_a_level": 0.5099999904632568,
    "osc_a_wave": 4.0,
    "osc_b_fine": 7.0,
    "osc_b_level": 0.6000000238418579,
    "osc_b_semi": 0.0,
    "osc_b_wave": 1.0,
    "osc_mix": 0.4899999797344208,
    "osc_shape": 0.5,
    "preset_load": 0.0,
    "preset_save": 1.0,
    "rvb_cut": 7786.0,
    "rvb_fb": 0.9900000095367432,
    "rvb_send": 0.5199999809265137,
    "rvb_wet": 0.5,
    "sub_level": 0.0,
    "warmth": 0.30000001192092896
}
