{
    "KEY_DOWN": 1.0,
    "KEY_MODIFIERS": "",
    "KEY_PRESSED": 83.0,
    "amp_a": 0.800000011920929,
    "amp_d": 1.5,
    "amp_r": 4.0,
    "amp_s": 0.699999988079071,
    "bw_a": 77.38805310446213,
    "bw_b": 76.59057255442747,
    "bwscale_a": 1.0,
    "bwscale_b": 0.9099999666213989,
    "dly_fb": 0.2800000011920929,
    "dly_mod": 0.003000000026077032,
    "dly_rvb_send": 0.20000000298023224,
    "dly_send": 1.0,
    "dly_time": 0.4000000059604645,
    "dly_wet": 0.30000001192092896,
    "export_a": 0.0,
    "export_all": 0.0,
    "export_b": 0.0,
    "export_status": 0.0,
    "export_status_a": 0.0,
    "export_status_b": 0.0,
    "filt_cutoff": 8000.0,
    "filt_decay": 4.0,
    "filt_envamt": 0.30000001192092896,
    "filt_reso": 0.10000000149011612,
    "form": 0.0,
    "generate_a": 0.0,
    "generate_b": 0.0,
    "groupbox11": 0.0,
    "groupbox134": 0.0,
    "groupbox138": 0.0,
    "groupbox139": 0.0,
    "groupbox141": 0.0,
    "groupbox145": 0.0,
    "groupbox146": 0.0,
    "groupbox147": 0.0,
    "groupbox151": 0.0,
    "groupbox152": 0.0,
    "groupbox153": 0.0,
    "groupbox157": 0.0,
    "groupbox158": 0.0,
    "groupbox24": 0.0,
    "groupbox26": 0.0,
    "groupbox47": 0.0,
    "groupbox49": 0.0,
    "groupbox68": 0.0,
    "groupbox70": 0.0,
    "groupbox72": 0.0,
    "groupbox75": 0.0,
    "groupbox77": 0.0,
    "groupbox79": 0.0,
    "groupbox82": 0.0,
    "groupbox84": 0.0,
    "groupbox86": 0.0,
    "groupbox93": 0.0,
    "groupbox97": 0.0,
    "groupbox98": 0.0,
    "harm_preset_a": 8.0,
    "harm_preset_b": 4.0,
    "harmonics_a": 44.0,
    "harmonics_b": 32.0,
    "hold": 1.0,
    "keyboard163": 60.0,
    "keyboard167": 60.0,
    "keyboard168": 60.0,
    "label100": 0.0,
    "label101": 0.0,
    "label104": 0.0,
    "label108": 0.0,
    "label109": 0.0,
    "label112": 0.0,
    "label116": 0.0,
    "label117": 0.0,
    "label120": 0.0,
    "label124": 0.0,
    "label125": 0.0,
    "label127": 0.0,
    "label131": 0.0,
    "label132": 1.0,
    "label14": 0.0,
    "label17": 0.0,
    "label18": 0.0,
    "label19": 0.0,
    "label28": 0.0,
    "label4": 0.0,
    "label49": 0.0,
    "label5": 0.0,
    "label51": 0.0,
    "label96": 0.0,
    "lfo1_amp": 1.0,
    "lfo1_freq": 0.020000003278255463,
    "lfo1_out": -0.41230941324032283,
    "lfo1_target": 8.0,
    "lfo1_wave": 1.0,
    "lfo2_amp": 0.4899999797344208,
    "lfo2_freq": 0.07000000029802322,
    "lfo2_out": 0.02562393475532716,
    "lfo2_target": 2.0,
    "lfo2_wave": 2.0,
    "lfo3_amp": 0.12999999523162842,
    "lfo3_freq": 0.05000000074505806,
    "lfo3_out": 0.02150020489218151,
    "lfo3_target": 3.0,
    "lfo3_wave": 7.0,
    "lfo4_amp": 1.0,
    "lfo4_freq": 0.15000000596046448,
    "lfo4_out": -0.822553011506122,
    "lfo4_target": 1.0,
    "lfo4_wave": 6.0,
    "master_lpf": 12000.0,
    "master_vol": 0.07999999821186066,
    "morph": 0.4899999797344208,
    "noise_level": 0.05999999865889549,
    "oddeven_a": 0.9061666167835549,
    "oddeven_b": 1.0,
    "pad_bw": 25.0,
    "pad_bwscale": 1.0,
    "pad_fund": 261.6300048828125,
    "pad_level": 1.0,
    "pad_pparam": 1.0,
    "pad_profile": 1.0,
    "pad_size": 1.0,
    "pad_stretch": 1.0,
    "partial_a1": 0.8430526575739741,
    "partial_a2": 0.041140925158346504,
    "partial_a3": 0.693401110215765,
    "partial_a4": 0.7245150354572175,
    "partial_a5": 0.29709882745384186,
    "partial_a6": 0.22690166659974573,
    "partial_a7": 0.3018522200881747,
    "partial_a8": 0.040499319131718635,
    "partial_b1": 0.8639119545761086,
    "partial_b2": 0.4135585806395666,
    "partial_b3": 0.9131163274464739,
    "partial_b4": 0.6503214852653078,
    "partial_b5": 0.7080922341943217,
    "partial_b6": 0.38452963062307316,
    "partial_b7": 0.372490162319732,
    "partial_b8": 0.1533236110365594,
    "preset_load": 0.0,
    "preset_save": 1.0,
    "randomize_a": 0.0,
    "randomize_b": 0.0,
    "rolloff_a": 2.618753824950547,
    "rolloff_b": 1.0853448070517484,
    "rvb_cut": 9443.0,
    "rvb_fb": 0.9200000166893005,
    "rvb_send": 1.0,
    "rvb_wet": 1.0,
    "spec_a": 0.0,
    "spec_b": 0.0,
    "stretch_a": 1.0,
    "stretch_b": 0.9909999966621399,
    "sub_level": 0.1899999976158142,
    "tilt_a": -0.5628536714067932,
    "tilt_b": 0.8604990653044075,
    "uni_detune": 6.200000286102295,
    "uni_spread": 0.5,
    "uni_voices": 4.0,
    "warmth": 0.4899999797344208
}
