{
    "amp_a": 0.800000011920929,
    "amp_d": 1.5,
    "amp_r": 4.0,
    "amp_s": 0.699999988079071,
    "bw_a": 58.94180525976317,
    "bw_b": 99.1758377892784,
    "bwscale_a": 1.0,
    "bwscale_b": 1.0,
    "dly_fb": 0.550000011920929,
    "dly_mod": 0.003000000026077032,
    "dly_rvb_send": 0.20000000298023224,
    "dly_send": 1.0,
    "dly_time": 0.4000000059604645,
    "dly_wet": 0.30000001192092896,
    "export_all": 1.0,
    "filt_cutoff": 8000.0,
    "filt_decay": 4.0,
    "filt_envamt": 0.30000001192092896,
    "filt_reso": 0.10000000149011612,
    "form": 0.0,
    "generate_a": 1.0,
    "generate_b": 0.0,
    "groupbox11": 0.0,
    "groupbox139": 0.0,
    "groupbox146": 0.0,
    "groupbox152": 0.0,
    "groupbox158": 0.0,
    "groupbox24": 0.0,
    "groupbox47": 0.0,
    "groupbox70": 0.0,
    "groupbox77": 0.0,
    "groupbox84": 0.0,
    "groupbox98": 0.0,
    "harm_preset_a": 7.0,
    "harm_preset_b": 8.0,
    "harmonics_a": 33.257901706387244,
    "harmonics_b": 34.064698723174956,
    "hold": 0.0,
    "keyboard168": 60.0,
    "label101": 0.0,
    "label109": 0.0,
    "label117": 0.0,
    "label125": 0.0,
    "label132": 0.0,
    "label14": 0.0,
    "label17": 0.0,
    "label28": 0.0,
    "label4": 0.0,
    "label5": 0.0,
    "label51": 0.0,
    "lfo1_amp": 1.0,
    "lfo1_freq": 0.10000000149011612,
    "lfo1_out": -0.7038396596908569,
    "lfo1_target": 8.0,
    "lfo1_wave": 1.0,
    "lfo2_amp": 0.11999999731779099,
    "lfo2_freq": 0.07000000029802322,
    "lfo2_out": -0.11375356465578079,
    "lfo2_target": 5.0,
    "lfo2_wave": 2.0,
    "lfo3_amp": 1.0,
    "lfo3_freq": 0.05000000074505806,
    "lfo3_out": 0.12426632642745972,
    "lfo3_target": 10.0,
    "lfo3_wave": 4.0,
    "lfo4_amp": 1.0,
    "lfo4_freq": 0.15000000596046448,
    "lfo4_out": -0.4622260630130768,
    "lfo4_target": 11.0,
    "lfo4_wave": 6.0,
    "master_lpf": 12000.0,
    "master_vol": 0.8899999856948853,
    "morph": 0.47999998927116394,
    "noise_level": 0.09999999403953552,
    "oddeven_a": 0.27616202518165206,
    "oddeven_b": 0.2332422869434777,
    "pad_fund": 261.6300048828125,
    "pad_level": 1.0,
    "pad_pparam": 1.0,
    "pad_profile": 1.0,
    "pad_size": 1.0,
    "preset_load": 0.0,
    "preset_save": 1.0,
    "randomize_a": 0.0,
    "randomize_b": 0.0,
    "rolloff_a": 1.6154105071981486,
    "rolloff_b": 0.892676549680846,
    "rvb_cut": 9443.0,
    "rvb_fb": 0.9200000166893005,
    "rvb_send": 1.0,
    "rvb_wet": 0.5,
    "spec_a": 0.0,
    "spec_b": 0.0,
    "stretch_a": 1.0,
    "stretch_b": 1.0,
    "sub_level": 0.5,
    "tilt_a": 0.2646462736952334,
    "tilt_b": 0.8826113268186391,
    "uni_detune": 15.0,
    "uni_spread": 0.5,
    "uni_voices": 4.0,
    "warmth": 0.4899999797344208
}
