{
    "_load_flag": 0.0,
    "dly_fb": 0.550000011920929,
    "dly_mod": 0.003000000026077032,
    "dly_rvb_send": 0.20000000298023224,
    "dly_send": 0.0,
    "dly_time": 0.4000000059604645,
    "dly_wet": 0.30000001192092896,
    "form": 0.0,
    "groupbox108": 0.0,
    "groupbox116": 0.0,
    "groupbox12": 0.0,
    "groupbox124": 0.0,
    "groupbox22": 0.0,
    "groupbox37": 0.0,
    "groupbox43": 0.0,
    "groupbox48": 0.0,
    "groupbox56": 0.0,
    "groupbox99": 0.0,
    "hp_cutoff": 23.0,
    "label104": 0.0,
    "label112": 0.0,
    "label120": 0.0,
    "label128": 0.0,
    "label136": 0.0,
    "label137": 0.0,
    "label141": 0.0,
    "label16": 0.0,
    "label17": 0.0,
    "label18": 0.0,
    "label28": 0.0,
    "label29": 0.0,
    "label4": 0.0,
    "label5": 0.0,
    "label59": 0.0,
    "label67": 0.0,
    "label75": 0.0,
    "label83": 0.0,
    "label91": 0.0,
    "lfo1_amp": 0.0,
    "lfo1_freq": 0.10000000149011612,
    "lfo1_out": 0.0,
    "lfo1_target": 1.0,
    "lfo1_wave": 1.0,
    "lfo2_amp": 0.0,
    "lfo2_freq": 0.07000000029802322,
    "lfo2_out": -0.0,
    "lfo2_target": 1.0,
    "lfo2_wave": 2.0,
    "lfo3_amp": 0.0,
    "lfo3_freq": 0.05000000074505806,
    "lfo3_out": 0.0,
    "lfo3_target": 1.0,
    "lfo3_wave": 4.0,
    "lfo4_amp": 0.0,
    "lfo4_freq": 0.15000000596046448,
    "lfo4_out": 0.0,
    "lfo4_target": 1.0,
    "lfo4_wave": 6.0,
    "load_sample": 0.0,
    "loop_end": 1.0,
    "loop_mode": 3.0,
    "loop_play": 1.0,
    "loop_speed": 0.6000000834465027,
    "loop_start": 0.0,
    "loop_xfade": 0.5,
    "lp_cutoff": 5498.99951171875,
    "lp_reso": 0.07000000029802322,
    "master_lpf": 12000.0,
    "master_vol": 0.699999988079071,
    "preset_load": 0.0,
    "preset_save": 0.0,
    "rvb_cut": 7000.0,
    "rvb_fb": 0.8799999952316284,
    "rvb_send": 0.44999998807907104,
    "rvb_wet": 0.5,
    "sample_gain": 1.0,
    "sample_path": "/Users/daniel/Music/Ableton/User Library/Samples/Field Recordings/DPA - Ocean Roar.wav",
    "stereo_width": 1.0,
    "warmth": 0.30000001192092896
}
