{
    "KEY_DOWN": 1.0,
    "KEY_MODIFIERS": "",
    "KEY_PRESSED": 96.0,
    "amp_a": 0.004999999888241291,
    "amp_d": 0.15000000596046448,
    "amp_s": 0.17999999225139618,
    "dly_div": 3.0,
    "dly_fb": 0.550000011920929,
    "dly_mix": 0.5,
    "dly_mod": 0.005000001285225153,
    "dly_rvb_send": 0.20000000298023224,
    "dly_send": 0.8199999928474426,
    "filt_cutoff": 313.0,
    "filt_decay": 1.690000057220459,
    "filt_envamt": 0.5,
    "filt_reso": 0.25,
    "form": 0.0,
    "groupbox111": 0.0,
    "groupbox114": 0.0,
    "groupbox12": 0.0,
    "groupbox121": 0.0,
    "groupbox124": 0.0,
    "groupbox129": 0.0,
    "groupbox132": 0.0,
    "groupbox137": 0.0,
    "groupbox140": 0.0,
    "groupbox21": 0.0,
    "groupbox31": 0.0,
    "groupbox34": 0.0,
    "groupbox43": 0.0,
    "groupbox46": 0.0,
    "groupbox50": 0.0,
    "groupbox53": 0.0,
    "groupbox58": 0.0,
    "groupbox61": 0.0,
    "groupbox68": 0.0,
    "groupbox71": 0.0,
    "keyboard160": 60.0,
    "keyboard163": 60.0,
    "label103": 0.0,
    "label106": 0.0,
    "label116": 0.0,
    "label117": 1.0,
    "label119": 0.0,
    "label120": 0.0,
    "label125": 0.0,
    "label128": 0.0,
    "label133": 0.0,
    "label136": 0.0,
    "label141": 0.0,
    "label144": 0.0,
    "label149": 0.0,
    "label152": 0.0,
    "label154": 0.0,
    "label157": 0.0,
    "label161": 0.0,
    "label164": 0.0,
    "label17": 0.0,
    "label26": 0.0,
    "label27": 0.0,
    "label28": 0.0,
    "label30": 0.0,
    "label35": 0.0,
    "label38": 0.0,
    "label4": 0.0,
    "label5": 0.0,
    "label71": 0.0,
    "label74": 0.0,
    "label79": 0.0,
    "label82": 0.0,
    "label87": 0.0,
    "label90": 0.0,
    "label95": 0.0,
    "label98": 0.0,
    "lfo1_amp": 0.550000011920929,
    "lfo1_freq": 0.10000000149011612,
    "lfo1_out": 0.18261607325719936,
    "lfo1_target": 2.0,
    "lfo1_wave": 1.0,
    "lfo2_amp": 0.47999998927116394,
    "lfo2_freq": 0.07000000029802322,
    "lfo2_out": 0.07239678438394345,
    "lfo2_target": 3.0,
    "lfo2_wave": 2.0,
    "lfo3_amp": 0.20999999344348907,
    "lfo3_freq": 0.020000003278255463,
    "lfo3_out": 0.06308086931875843,
    "lfo3_target": 4.0,
    "lfo3_wave": 6.0,
    "lfo4_amp": 0.25999999046325684,
    "lfo4_freq": 0.15000000596046448,
    "lfo4_out": -0.18580912063353092,
    "lfo4_target": 5.0,
    "lfo4_wave": 6.0,
    "master_lpf": 2072.00048828125,
    "master_vol": 0.8399999737739563,
    "osc_detune": 1.7000000476837158,
    "osc_shape": 0.5199999809265137,
    "osc_sub": 0.4699999988079071,
    "preset_load": 0.0,
    "preset_save": 1.0,
    "rvb_cut": 7000.0,
    "rvb_fb": 0.8799999952316284,
    "rvb_send": 0.5199999809265137,
    "rvb_wet": 0.5,
    "seq_accent": 0.30000001192092896,
    "seq_bpm": 63.0,
    "seq_density": 0.7999999523162842,
    "seq_gate": 3.0,
    "seq_octjump": 0.20000000298023224,
    "seq_patmode": 2.0,
    "seq_patrep": 8.0,
    "seq_play": 1.0,
    "seq_range": 1.5,
    "seq_root": 60.0,
    "seq_scale": 1.0,
    "seq_status": 0.0,
    "seq_status_val": 1.0,
    "seq_swing": 0.0,
    "seq_velmax": 0.800000011920929,
    "seq_velmin": 0.30000001192092896,
    "warmth": 0.30000001192092896
}
