{
    "KEY_DOWN": 1.0,
    "KEY_MODIFIERS": "Command",
    "KEY_PRESSED": 9.0,
    "amp_a": 0.004999999888241291,
    "amp_d": 2.6700000762939453,
    "amp_s": 0.25,
    "dly_div": 3.0,
    "dly_fb": 0.550000011920929,
    "dly_mix": 0.9300000071525574,
    "dly_mod": 0.005000001285225153,
    "dly_rvb_send": 0.20000000298023224,
    "dly_send": 1.0,
    "filt_cutoff": 313.0,
    "filt_decay": 1.690000057220459,
    "filt_envamt": 0.5,
    "filt_reso": 0.25,
    "form": 0.0,
    "groupbox111": 0.0,
    "groupbox12": 0.0,
    "groupbox121": 0.0,
    "groupbox129": 0.0,
    "groupbox137": 0.0,
    "groupbox21": 0.0,
    "groupbox31": 0.0,
    "groupbox43": 0.0,
    "groupbox50": 0.0,
    "groupbox58": 0.0,
    "groupbox68": 0.0,
    "keyboard160": 60.0,
    "label103": 0.0,
    "label116": 0.0,
    "label117": 0.0,
    "label125": 0.0,
    "label133": 0.0,
    "label141": 0.0,
    "label149": 0.0,
    "label154": 0.0,
    "label161": 0.0,
    "label17": 0.0,
    "label26": 0.0,
    "label27": 0.0,
    "label35": 0.0,
    "label4": 0.0,
    "label5": 0.0,
    "label71": 0.0,
    "label79": 0.0,
    "label87": 0.0,
    "label95": 0.0,
    "lfo1_amp": 0.550000011920929,
    "lfo1_freq": 0.10000000149011612,
    "lfo1_out": 0.00023038346268924157,
    "lfo1_target": 1.0,
    "lfo1_wave": 1.0,
    "lfo2_amp": 0.47999998927116394,
    "lfo2_freq": 0.07000000029802322,
    "lfo2_out": -0.4799103892727851,
    "lfo2_target": 1.0,
    "lfo2_wave": 2.0,
    "lfo3_amp": 0.5099999904632568,
    "lfo3_freq": 0.05000000074505806,
    "lfo3_out": 0.509965990463386,
    "lfo3_target": 1.0,
    "lfo3_wave": 4.0,
    "lfo4_amp": 0.25999999046325684,
    "lfo4_freq": 0.15000000596046448,
    "lfo4_out": 0.08732314753762713,
    "lfo4_target": 1.0,
    "lfo4_wave": 6.0,
    "master_lpf": 12000.0,
    "master_vol": 1.0,
    "osc_detune": 1.7000000476837158,
    "osc_shape": 0.7299999594688416,
    "osc_sub": 0.4699999988079071,
    "preset_load": 0.0,
    "preset_save": 1.0,
    "rvb_cut": 7000.0,
    "rvb_fb": 0.8799999952316284,
    "rvb_send": 1.0,
    "rvb_wet": 0.5,
    "seq_accent": 0.30000001192092896,
    "seq_bpm": 63.0,
    "seq_density": 0.5,
    "seq_gate": 3.0,
    "seq_octjump": 0.20000000298023224,
    "seq_play": 1.0,
    "seq_range": 1.5,
    "seq_root": 96.0,
    "seq_scale": 1.0,
    "seq_status": 0.0,
    "seq_status_val": 1.0,
    "seq_swing": 0.0,
    "seq_velmax": 0.800000011920929,
    "seq_velmin": 0.30000001192092896,
    "warmth": 0.30000001192092896
}
