{
    "KEY_DOWN": 1.0,
    "KEY_MODIFIERS": "Command",
    "MOUSEWHEEL_DELTA_X": 0.0,
    "MOUSEWHEEL_DELTA_Y": 0.0,
    "amp_a": 0.800000011920929,
    "amp_d": 1.5,
    "amp_r": 4.0,
    "amp_s": 0.699999988079071,
    "dly_fb": 0.550000011920929,
    "dly_mod": 0.003000000026077032,
    "dly_rvb_send": 0.20000000298023224,
    "dly_send": 0.25,
    "dly_time": 0.4000000059604645,
    "dly_wet": 0.30000001192092896,
    "filt_cutoff": 8000.0,
    "filt_decay": 4.0,
    "filt_envamt": 0.30000001192092896,
    "filt_reso": 0.10000000149011612,
    "form": 0.0,
    "groupbox105": 0.0,
    "groupbox11": 0.0,
    "groupbox111": 0.0,
    "groupbox117": 0.0,
    "groupbox18": 0.0,
    "groupbox29": 0.0,
    "groupbox36": 0.0,
    "groupbox43": 0.0,
    "groupbox57": 0.0,
    "groupbox98": 0.0,
    "hold": 1.0,
    "import_all": 0.0,
    "import_status": 0.0,
    "keyboard127": 60.0,
    "label4": 0.0,
    "label5": 0.0,
    "label60": 0.0,
    "label68": 0.0,
    "label76": 0.0,
    "label84": 0.0,
    "label91": 0.0,
    "lfo1_amp": 1.0,
    "lfo1_freq": 0.020000003278255463,
    "lfo1_out": -0.6787224255526074,
    "lfo1_target": 8.0,
    "lfo1_wave": 1.0,
    "lfo2_amp": 1.0,
    "lfo2_freq": 0.030000006780028343,
    "lfo2_out": 0.2133740298286284,
    "lfo2_target": 2.0,
    "lfo2_wave": 7.0,
    "lfo3_amp": 0.14999999105930328,
    "lfo3_freq": 0.05000000074505806,
    "lfo3_out": -0.14351595819242396,
    "lfo3_target": 3.0,
    "lfo3_wave": 1.0,
    "lfo4_amp": 0.11999999731779099,
    "lfo4_freq": 0.15000000596046448,
    "lfo4_out": 0.06153403281843527,
    "lfo4_target": 6.0,
    "lfo4_wave": 7.0,
    "load_a": 0.0,
    "load_b": 0.0,
    "master_lpf": 12000.0,
    "master_vol": 0.09999999403953552,
    "morph": 0.47999998927116394,
    "noise_level": 0.0,
    "pad_fund": 261.63,
    "pad_level": 0.559999942779541,
    "preset_load": 0.0,
    "preset_save": 1.0,
    "rvb_cut": 7000.0,
    "rvb_fb": 0.9200000166893005,
    "rvb_send": 1.0,
    "rvb_wet": 0.5,
    "size_a": 0.0,
    "size_b": 0.0,
    "status_a": 0.0,
    "status_b": 0.0,
    "sub_level": 0.29999998211860657,
    "uni_detune": 15.0,
    "uni_spread": 1.0,
    "uni_voices": 4.0,
    "warmth": 0.30000001192092896,
    "wave_path_a": "/Users/daniel/PycharmProjects/generative-ambient/apps/web/public/samples/padsynth-export-a.wav",
    "wave_path_b": "/Users/daniel/PycharmProjects/generative-ambient/apps/web/public/samples/padsynth-export-b.wav"
}
